Workbook

Sheet SMPS 재고
A1: .
B2: SMPS 재고 | C2: =TODAY() -> 46149
C3: 오전 9:00:00 최신화
B5: 모델명 | C5: 수량
B6: APV 시리즈
B7: APV-12-12 | C7: =vlookup(B7,'재고 백업'!$A:$B,2,0) -> -
B8: APV-12-24 | C8: =vlookup(B8,'재고 백업'!$A:$B,2,0) -> -
B10: CSP 시리즈
B11: CSP-3000-120 | C11: =vlookup(B11,'재고 백업'!$A:$B,2,0) -> 6
B12: CSP-3000-400 | C12: =vlookup(B12,'재고 백업'!$A:$B,2,0) -> 17
B14: DBU시리즈
B15: DBU-3200-48 | C15: =vlookup(B15,'재고 백업'!$A:$B,2,0) -> -
B17: DDR 시리즈
B18: DDR-15G-3.3 | C18: =vlookup(B18,'재고 백업'!$A:$B,2,0) -> -
B19: DDR-15G-5 | C19: =vlookup(B19,'재고 백업'!$A:$B,2,0) -> 104
B20: DDR-15G-12 | C20: =vlookup(B20,'재고 백업'!$A:$B,2,0) -> 391 | E20: ㅛㅕㅕㅑㅕㅛㅑㅛㅕㅑ
B21: DDR-15G-15 | C21: =vlookup(B21,'재고 백업'!$A:$B,2,0) -> 151
B22: DDR-15G-24 | C22: =vlookup(B22,'재고 백업'!$A:$B,2,0) -> 131 | E22: ㅛㅕㅑㅛㅕㅑㅛㅕㅑ
B23: DDR-15L-5 | C23: =vlookup(B23,'재고 백업'!$A:$B,2,0) -> -
B24: DDR-15L-12 | C24: =vlookup(B24,'재고 백업'!$A:$B,2,0) -> 114
B25: DDR-15L-24 | C25: =vlookup(B25,'재고 백업'!$A:$B,2,0) -> 160
B26: DDR-30G-5 | C26: =vlookup(B26,'재고 백업'!$A:$B,2,0) -> 54
B27: DDR-30G-12 | C27: =vlookup(B27,'재고 백업'!$A:$B,2,0) -> 82
B28: DDR-30G-24 | C28: =vlookup(B28,'재고 백업'!$A:$B,2,0) -> 87
B29: DDR-30L-5 | C29: =vlookup(B29,'재고 백업'!$A:$B,2,0) -> 84
B30: DDR-30L-12 | C30: =vlookup(B30,'재고 백업'!$A:$B,2,0) -> 97
B31: DDR-30L-24 | C31: =vlookup(B31,'재고 백업'!$A:$B,2,0) -> -
B32: DDR-60G-5 | C32: =vlookup(B32,'재고 백업'!$A:$B,2,0) -> 116
B33: DDR-60G-12 | C33: =vlookup(B33,'재고 백업'!$A:$B,2,0) -> 85
B34: DDR-60G-24 | C34: =vlookup(B34,'재고 백업'!$A:$B,2,0) -> 45
... B51: DDR-480C-24 | C51: =vlookup(B51,'재고 백업'!$A:$B,2,0) -> 25
B53: DPU 시리즈
B54: DPU-3200-24 | C54: =vlookup(B54,'재고 백업'!$A:$B,2,0) -> -
B55: DPU-3200-48 | C55: =vlookup(B55,'재고 백업'!$A:$B,2,0) -> -
B57: DUBW 시리즈
B58: DPBW06F-15 | C58: =vlookup(B58,'재고 백업'!$A:$B,2,0) -> -
B60: DUPN 시리즈
B61: DPUN02L-15 | C61: =vlookup(B61,'재고 백업'!$A:$B,2,0) -> 202
B63: DRA시리즈
B64: DRA-40-12 | C64: =vlookup(B64,'재고 백업'!$A:$B,2,0) -> -
B65: DRA-40-24 | C65: =vlookup(B65,'재고 백업'!$A:$B,2,0) -> -
B66: DRA-60-12 | C66: =vlookup(B66,'재고 백업'!$A:$B,2,0) -> -
B67: DRA-60-24 | C67: =vlookup(B67,'재고 백업'!$A:$B,2,0) -> 1
B69: DRDN시리즈
B70: DRDN20-24 | C70: =vlookup(B70,'재고 백업'!$A:$B,2,0) -> 40
B71: DRDN40-12 | C71: =vlookup(B71,'재고 백업'!$A:$B,2,0) -> 25
B72: DRDN40-24 | C72: =vlookup(B72,'재고 백업'!$A:$B,2,0) -> 21
B74: DUPS 시리즈
B75: DUPS20 | C75: =vlookup(B75,'재고 백업'!$A:$B,2,0) -> 41
B76: DUPS40 | C76: =vlookup(B76,'재고 백업'!$A:$B,2,0) -> -
B78: EDR 시리즈
B79: EDR-75-12 | C79: =vlookup(B79,'재고 백업'!$A:$B,2,0) -> 56
B80: EDR-75-24 | C80: =vlookup(B80,'재고 백업'!$A:$B,2,0) -> 247
B81: EDR-75-48 | C81: =vlookup(B81,'재고 백업'!$A:$B,2,0) -> 38
B82: EDR-120-24 | C82: =vlookup(B82,'재고 백업'!$A:$B,2,0) -> 215
B83: EDR-150-24 | C83: =vlookup(B83,'재고 백업'!$A:$B,2,0) -> 131
B85: ELG 시리즈
B86: ELG-75-12A | C86: =vlookup(B86,'재고 백업'!$A:$B,2,0) -> 16
B87: ELG-75-24A-3Y | C87: =vlookup(B87,'재고 백업'!$A:$B,2,0) -> 7
B88: ELG-100-24A-3Y | C88: =vlookup(B88,'재고 백업'!$A:$B,2,0) -> 45
B89: ELG-100-36A-3Y | C89: =vlookup(B89,'재고 백업'!$A:$B,2,0) -> -
B90: ELG-150-12A | C90: =vlookup(B90,'재고 백업'!$A:$B,2,0) -> 16
B91: ELG-150-12A-3Y | C91: =vlookup(B91,'재고 백업'!$A:$B,2,0) -> 32
B92: ELG-150-24A-3Y | C92: =vlookup(B92,'재고 백업'!$A:$B,2,0) -> 23
B93: ELG-150-36A-3Y | C93: =vlookup(B93,'재고 백업'!$A:$B,2,0) -> 96
B94: ELG-150-48A-3Y | C94: =vlookup(B94,'재고 백업'!$A:$B,2,0) -> 16
B95: ELG-200-12A | C95: =vlookup(B95,'재고 백업'!$A:$B,2,0) -> 12
B96: ELG-240-24A-3Y | C96: =vlookup(B96,'재고 백업'!$A:$B,2,0) -> 343
B97: ELG-300-12A | C97: =vlookup(B97,'재고 백업'!$A:$B,2,0) -> 16
... B99: ELG-300-24A-3Y | C99: =vlookup(B99,'재고 백업'!$A:$B,2,0) -> 18
B101: EPP 시리즈
B102: EPP-300-12 | C102: =vlookup(B102,'재고 백업'!$A:$B,2,0) -> 2479
B103: EPP-300-24 | C103: =vlookup(B103,'재고 백업'!$A:$B,2,0) -> 497
B105: EPS 시리즈
B106: EPS-15-5 | C106: =vlookup(B106,'재고 백업'!$A:$B,2,0) -> 152
B107: EPS-15-12 | C107: =vlookup(B107,'재고 백업'!$A:$B,2,0) -> 299
B108: EPS-35-12 | C108: =vlookup(B108,'재고 백업'!$A:$B,2,0) -> 58
B109: EPS-35-15 | C109: =vlookup(B109,'재고 백업'!$A:$B,2,0) -> 70
B110: EPS-35-24 | C110: =vlookup(B110,'재고 백업'!$A:$B,2,0) -> 62
B111: EPS-35-36 | C111: =vlookup(B111,'재고 백업'!$A:$B,2,0) -> 70
B112: EPS-45-12 | C112: =vlookup(B112,'재고 백업'!$A:$B,2,0) -> 173
B113: EPS-45-24 | C113: =vlookup(B113,'재고 백업'!$A:$B,2,0) -> 236
B114: EPS-45-48 | C114: =vlookup(B114,'재고 백업'!$A:$B,2,0) -> 96
B115: EPS-45S-12 | C115: =vlookup(B115,'재고 백업'!$A:$B,2,0) -> 80
B116: EPS-65-12 | C116: =vlookup(B116,'재고 백업'!$A:$B,2,0) -> 1085
B117: EPS-65-24 | C117: =vlookup(B117,'재고 백업'!$A:$B,2,0) -> 308
... B125: EPS-120-27 | C125: =vlookup(B125,'재고 백업'!$A:$B,2,0) -> 51
B127: ERDN 시리즈
B128: ERDN20-24 | C128: =vlookup(B128,'재고 백업'!$A:$B,2,0) -> 38
B129: ERDN40-24 | C129: =vlookup(B129,'재고 백업'!$A:$B,2,0) -> 45
B131: ERP 시리즈
B132: ERP-350-12 | C132: =vlookup(B132,'재고 백업'!$A:$B,2,0) -> -
B134: GST 시리즈
B135: GST280A24-C6P | C135: =vlookup(B135,'재고 백업'!$A:$B,2,0) -> 18
B136: GST360A36-C6P | C136: =vlookup(B136,'재고 백업'!$A:$B,2,0) -> 6
B137: GST360A48-C6P | C137: =vlookup(B137,'재고 백업'!$A:$B,2,0) -> 7
B138: GST60A12-P1J | C138: =vlookup(B138,'재고 백업'!$A:$B,2,0) -> -
B139: GST60A24-P1J | C139: =vlookup(B139,'재고 백업'!$A:$B,2,0) -> 154
B141: HDR 시리즈
B142: HDR-15-5 | C142: =vlookup(B142,'재고 백업'!$A:$B,2,0) -> 125
...

Sheet 재고 백업
A1: 일별 재고 파일
A2: 모델명 | B2: 재고현황
A3: CSP-3000-120 | B3: 6
A4: DDR-120C-24 | B4: 43
A5: DDR-15L-12 | B5: 114
A6: DDR-30G-5 | B6: 54
A7: DDR-30L-12 | B7: 97
A8: DDR-240C-24 | B8: 59
A9: DDR-480C-24 | B9: 25
A10: DDR-60G-12 | B10: 85
A11: DPUN02L-15 | B11: 202
A12: DRDN20-24 | B12: 40
A13: DUPS20 | B13: 41
A14: EDR-120-24 | B14: 215
... A38: HDR-60-12 | B38: 50
A39: HDR-60-24 | B39: -
A40: HDR-60-5 | B40: 73
A41: HLG-40H-24 | B41: 32
A42: HLG-120H-15A | B42: 133
A43: HLG-185H-24 | B43: 15
A44: HLG-185H-36A | B44: 24
A45: HLG-150H-30 | B45: 57
A46: HLG-150H-36A | B46: 1
A47: HRP-75-24 | B47: 106
A48: HRP-100-15 | B48: 146
A49: HRP-300-12 | B49: 93
A50: HRP-300-24 | B50: 90
A51: HRP-450-24 | B51: 112
... A84: LRS-200-5 | B84: 23
A85: LRS-350-12 | B85: -
A86: LRS-350-24 | B86: 491
A87: LRS-350-48 | B87: 828
A88: LRS-350-5 | B88: 29
A89: LRS-450-48 | B89: 4
A90: LRS-35-12 | B90: 653
A91: LRS-35-15 | B91: 176
A92: LRS-35-24 | B92: 581
A93: LRS-35-5 | B93: 183
A94: LRS-450-12 | B94: -
A95: LRS-450-24 | B95: 98
A96: LRS-50-12 | B96: 513
A97: LRS-50-24 | B97: 2079
A98: LRS-50-5 | B98: 45
A99: LRS-600-5 | B99: 93
A100: LRS-600-12 | B100: 73
A101: LRS-600-24 | B101: 677
A102: LRS-600-36 | B102: 175
A103: LRS-600-48 | B103: 140
A104: LRS-75-12 | B104: 140
A105: LRS-75-24 | B105: 365
A106: LRS-75-48 | B106: -
A107: LRS-75-5 | B107: 202
A108: LRS-1200-24 | B108: 31
A109: MSP-100-12 | B109: 26
A110: MDR-100-24 | B110: 147
A111: MDR-10-24 | B111: 138
A112: MDR-10-5 | B112: 134
A113: MDR-20-12 | B113: 81
A114: MDR-20-24 | B114: 222
A115: MDR-20-5 | B115: 50
A116: MDR-40-12 | B116: 222
A117: MDR-40-24 | B117: 466
A118: MDR-40-5 | B118: 16
... A190: RSP-500-24 | B190: 178
A191: RSP-500-27 | B191: -
A192: RSP-500-48 | B192: 57
A193: RSP-75-24 | B193: 97
A194: RSP-750-12 | B194: 198
A195: RSP-750-24 | B195: 101
A196: RSP-750-27 | B196: 144
A197: RSP-750-48 | B197: 130
A198: RT-125A | B198: 5
A199: RT-125B | B199: 31
A200: RT-125C | B200: 156
A201: RT-50A | B201: 118
A202: RT-50B | B202: 50
A203: RT-50C | B203: 43
... A221: SE-1500-24 | B221: 33
A222: SPUN02L-05 | B222: -
A223: SPUN02L-15 | B223: 50
A224: TDR-240-24 | B224: 31
A225: TDR-480-24 | B225: -
A226: TDR-960-24 | B226: 61
A227: WDR-120-24 | B227: 182
A228: WDR-240-24 | B228: 30
A229: WDR-480-24 | B229: 23
A230: XDR-120E-12 | B230: 34
A231: XDR-120E-24 | B231: 32
A232: XDR-120E-36 | B232: 44
A233: XDR-120E-48 | B233: 48
A234: XDR-150E-12 | B234: 44
A235: XDR-150E-24 | B235: 44
A236: XDR-150E-36 | B236: 48
A237: XDR-150E-48 | B237: 41
... A260: DDR-120B-24 | B260: 44
A261: DDR-30L-24 | B261: -
A262: ELG-75-24A-3Y | B262: 7
A263: ELG-100-24A-3Y | B263: 45
A264: ELG-150-24A-3Y | B264: 23
A265: HLG-80H-12 | B265: 104
...

Sheet SMPS 재고 현황
B2: SMPS 재고 | D2: 26.01.01
C3: 매일 | D3: 오전 9:00:00 최신화
B5: 모델 선택 | C5: DRA
B7: 모델 | C7: 수량 | D7: 상태 | H7: =IFERROR(__xludf.DUMMYFUNCTION("SORT(UNIQUE(FILTER(#REF!, LEN(#REF!))))"),"#REF!") -> #REF!
B8: =IFERROR(__xludf.DUMMYFUNCTION("IF( $C$5="""", ""시리즈를 선택하세요"", SORT( FILTER( {'재고 백업'!A2:A620, '재고 백업'!B2:B620, #REF!}, #REF!=$C$5 ), 2, FALSE ) )"),"#REF!") -> #REF!
